n,mean_k,mean_time,mean_grad_norm,mean_fx,mean_conv_rate,runs
2,4.3333,0.0038005,6.3441e-06,-1.4721,1.8734,6
1000,11.833,0.0024258,9.8978e-07,-427.4,1.8969,6
10000,23.333,0.021203,2.8028e-08,-4159.9,1.3445,6
100000,29.167,0.20641,1.215e-05,-41444,1.1695,6
