n,mean_k,mean_time,mean_grad_norm,mean_fx,mean_conv_rate,runs
2,6.5,0.0040317,1.3923e-07,3.7694e-15,1.8758,6
1000,13.333,0.016151,8.4462e-08,4.3979e-16,1.3882,6
10000,14,0.05142,8.7911e-08,2.9799e-16,1.3301,6
100000,15.5,0.829,8.1911e-08,5.2782e-16,1.3626,6
