n,h,is_dynamic,mean_k,mean_time,mean_grad_norm,mean_fx,mean_conv_rate,runs
2,1e-12,False,16.25,0.0014639,0,-1.4721,9.8916,4
2,1e-12,True,18,0.0025747,5.7498e-05,-1.4721,-0.31917,6
2,1e-08,False,10,0.00070869,3.9666e-05,-1.4721,-5.6564,6
2,1e-08,True,28.833,0.0042334,3.5075e-05,-1.4721,0.82912,6
2,0.0001,False,3.8333,0.00026164,7.2158e-06,-1.4721,-0.23202,6
100,0.0001,False,8.5,0.00059756,3.2198e-07,-50,-6.0222,6
1000,0.0001,False,13.167,0.0017811,3.3324e-06,-427.4,-1.7173,6
10000,0.0001,False,18.5,0.013554,5.0129e-06,-4159.9,13.479,6
100000,0.0001,False,6,0.035752,6.0216e-06,-41444,-1.17,1
