n,mean_k,mean_time,mean_grad_norm,mean_fx,mean_conv_rate,runs
2,4,0.0026017,7.5061e-06,-1.4721,2.3182,6
1000,20,0.0068838,3.1266e-05,-427.4,1.4202,6
10000,29.333,0.053065,9.6107e-06,-4159.9,1.4428,6
100000,32,1.0038,4.2611e-05,-41444,1.2919,2
