n,mean_k,mean_time,mean_grad_norm,mean_fx,mean_conv_rate,runs
2,6.5,0.0058267,4.1239e-10,4.2291e-20,0.9232,6
100,13.333,0.0087625,8.2594e-10,4.2382e-20,1.9809,6
1000,14,0.013895,3.1993e-11,3.5479e-23,1.9017,6
10000,15.167,0.044926,1.6313e-09,1.3785e-19,2.3975,6
100000,15.833,0.41411,1.3176e-09,1.3793e-19,3.6885,6
