n,mean_k,mean_time,mean_grad_norm,mean_fx,mean_conv_rate,runs
2,4.3333,0.0022151,9.8252e-06,-1.4721,1.07,6
100,8.5,0.00073274,5.8197e-06,-50,1.0404,6
1000,14,0.0019788,1.551e-05,-427.4,1.3611,6
10000,19,0.011237,1.0158e-05,-4159.9,1.4351,6
100000,6,0.024518,1.9293e-05,-41444,1.2615,1
