n,mean_k,mean_time,mean_grad_norm,mean_fx,mean_conv_rate,runs
2,6.5,0.0048826,4.1239e-10,4.2291e-20,1.7211,6
100,13.333,0.0072286,8.2594e-10,4.2382e-20,1.6541,6
1000,14,0.011257,3.1993e-11,3.5479e-23,1.5023,6
10000,15.167,0.037688,1.6313e-09,1.3785e-19,1.4034,6
100000,15.833,0.41548,1.3176e-09,1.3793e-19,1.3564,6
