n,mean_k,mean_time,mean_grad_norm,mean_fx,mean_conv_rate,runs
2,6.8333,0.004071,4.6763e-10,5.7445e-20,1.8254,6
100,8.5,0.0045454,4.2449e-12,3.7344e-24,0.72788,6
1000,8.8333,0.007127,1.7269e-09,6.077e-19,1.4118,6
10000,9.1667,0.030674,2.8154e-13,1.233e-26,1.8478,6
100000,9.8333,0.28038,1.2053e-11,3.4683e-23,1.4743,6
