n,mean_k,mean_time,mean_grad_norm,mean_fx,mean_conv_rate,runs
2,6.5,0.0029625,1.2676e-07,3.0318e-15,1.8149,6
100,7.6667,0.0036139,2.0856e-07,5.8119e-15,1.6415,6
1000,8.3333,0.0080254,2.0556e-08,3.0444e-17,1.5869,6
10000,8.3333,0.020275,1.6754e-07,3.0282e-15,1.6041,6
100000,9,0.22613,1.698e-07,2.5335e-15,1.6684,6
