n,mean_k,mean_time,mean_grad_norm,mean_fx,mean_conv_rate,runs
2,5,0.0015344,6.4823e-08,-1.4721,1.9507,6
100,16.167,0.0018746,1.4606e-05,-50,0.74281,6
1000,19.5,0.0072158,1.4967e-05,-427.4,1.3761,6
10000,26.5,0.040282,3.7574e-05,-4159.9,-2.3511,6
100000,36.25,0.6406,4.7103e-05,-41444,0.48057,4
