n,mean_k,mean_time,mean_grad_norm,mean_fx,mean_conv_rate,runs
2,4,0.00046692,5.8451e-06,-1.4721,1.9282,6
1000,12.667,0.0032697,1.4926e-05,-427.4,1.4053,6
10000,20.333,0.021682,4.8325e-06,-4159.9,1.2505,6
100000,27.667,0.24403,7.2082e-06,-41444,1.256,6
