n,mean_k,mean_time,mean_grad_norm,mean_fx,mean_conv_rate,runs
2,4.3333,0.0013955,9.8252e-06,-1.4721,2.9845,6
100,8.5,0.00083549,5.8197e-06,-50,2.3555,6
1000,14,0.0020608,1.551e-05,-427.4,-10.812,6
10000,19,0.010965,1.0158e-05,-4159.9,-5.2598,6
100000,6,0.022652,1.9293e-05,-41444,-1.1434,1
